{
    "Precision50": 0.5895522344063266,
    "Recall50": 0.9404761792800456,
    "F1Score50": 0.724770161855372,
    "mAP50": 0.8912220019266531,
    "mAP50:95": 0.5107012416464927
}