{
    "Precision50": 0.5925925882030179,
    "Recall50": 0.952380941043084,
    "F1Score50": 0.7305931277499356,
    "mAP50": 0.8585969936131314,
    "mAP50:95": 0.5323850130696416
}