{
    "Precision50": 0.8085106296966954,
    "Recall50": 0.9047618939909299,
    "F1Score50": 0.8539320762532895,
    "mAP50": 0.8756475058617523,
    "mAP50:95": 0.5921320582288928
}