{
    "Precision50": 0.31651954562860085,
    "Recall50": 0.6435897419395135,
    "F1Score50": 0.42434444319079606,
    "mAP50": 0.37259523339370804,
    "mAP50:95": 0.21841716461137
}