{
    "Precision50": 0.31651954562860085,
    "Recall50": 0.6435897419395135,
    "F1Score50": 0.42434444319079606,
    "mAP50": 0.4138313009917983,
    "mAP50:95": 0.23796015498321146
}