{
    "Precision50": 0.3641618476060009,
    "Recall50": 0.7499999910714287,
    "F1Score50": 0.49027192968895866,
    "mAP50": 0.5261681505348402,
    "mAP50:95": 0.30716876591572106
}