{
    "Precision50": 0.7264150874866502,
    "Recall50": 0.9166666557539684,
    "F1Score50": 0.8105258139615191,
    "mAP50": 0.8666373088567058,
    "mAP50:95": 0.5449244114465839
}