{
    "Precision50": 0.6310679581016119,
    "Recall50": 0.9154929512993454,
    "F1Score50": 0.747125949399176,
    "mAP50": 0.8395118333113851,
    "mAP50:95": 0.5275570869752996
}